"id","language","title","authors","year","publication_date","journal_or_venue","carrier_type","volume_issue_pages","doi","official_source_url","source_url_basis","reference_version_note","evidence_url"
"CN-001","cn","数据要素供给使用核算框架研究","张雨露, 平卫英, 罗良清","2026","2026-01-25","统计研究","journal_article","2026, 01, v.43 15-28","10.19343/j.cnki.11-1302/c.2026.01.001","https://tjyj.cbpt.cnki.net/portal/journal/portal/client/paper/af00cc9ab31ad2abade2cec91462e0db","REFERENCE_METADATA; NOT_WEB_RECHECKED_THIS_EXPORT","",""
"CN-002","cn","中国数字经济热度结构与区域网络关系透视——基于互联网大数据的高频指数构建","苏冰杰, 许永洪","2026","2026-01-25","统计研究","journal_article","2026, 01, v.43 71-84","10.19343/j.cnki.11-1302/c.2026.01.005","https://tjyj.cbpt.cnki.net/portal/journal/portal/client/paper/1300939221c601ed7a9c69c9d0157fdd","REFERENCE_METADATA; NOT_WEB_RECHECKED_THIS_EXPORT","",""
"CN-003","cn","数字经济发展如何影响区域碳排放强度？——基于省级面板数据的实证分析","郑冰, 赵彦云","2026","2026-01-25","统计研究","journal_article","2026, 01, v.43 85-97","10.19343/j.cnki.11-1302/c.2026.01.006","https://tjyj.cbpt.cnki.net/portal/journal/portal/client/paper/16067896b35799f26ed148c544a48a50","REFERENCE_METADATA; NOT_WEB_RECHECKED_THIS_EXPORT","",""
"CN-004","cn","多源数据的Knockoff-Cox整合分析模型及其信用违约预警应用","张中艳, 王小燕","2026","2026-02-25","统计研究","journal_article","2026, 02, v.43 118-130","10.19343/j.cnki.11-1302/c.2026.02.009","https://tjyj.cbpt.cnki.net/portal/journal/portal/client/paper/a10c413ac1116996e616c526ca64a579","REFERENCE_METADATA; NOT_WEB_RECHECKED_THIS_EXPORT","",""
"CN-005","cn","多种通胀机制约束的时序卷积网络模型改进及其在CPI预测中的应用","李佼瑞, 邓迪, 张雨筱","2026","2026-02-25","统计研究","journal_article","2026, 02, v.43 131-143","10.19343/j.cnki.11-1302/c.2026.02.010","https://tjyj.cbpt.cnki.net/portal/journal/portal/client/paper/3339f8cc1fe6f6e98108476417e6495a","REFERENCE_METADATA; NOT_WEB_RECHECKED_THIS_EXPORT","",""
"CN-006","cn","全球芯片产业链韧性测度、特征与驱动因素——基于复杂网络视角","李磊, 路优, 盛斌","2026","2026-02-25","统计研究","journal_article","2026, 02, v.43 3-17","10.19343/j.cnki.11-1302/c.2026.02.001","https://tjyj.cbpt.cnki.net/portal/journal/portal/client/paper/d00e976ed76855f094f9bcebfda4580e","REFERENCE_METADATA; NOT_WEB_RECHECKED_THIS_EXPORT","",""
"CN-007","cn","兼顾公平与效率的数据价值链收益分配测度研究","左文进, 曾守桢, 苏为华, 张兴贤","2026","2026-03-25","统计研究","journal_article","2026, 03, v.43 39-51","10.19343/j.cnki.11-1302/c.2026.03.003","https://tjyj.cbpt.cnki.net/portal/journal/portal/client/paper/3fefdfdebbc3c40590b92a1d973b8c3d","REFERENCE_METADATA; NOT_WEB_RECHECKED_THIS_EXPORT","",""
"CN-008","cn","数字经济影响能源产出率的动因分解与路径识别——基于可解释性机器学习的研究","孙传旺, 徐梦洁, 王博","2026","2026-03-25","统计研究","journal_article","2026, 03, v.43 52-66","10.19343/j.cnki.11-1302/c.2026.03.004","https://tjyj.cbpt.cnki.net/portal/journal/portal/client/paper/096350aaaac78a1ec5ddfce0ea66d0e3","REFERENCE_METADATA; NOT_WEB_RECHECKED_THIS_EXPORT","",""
"CN-009","cn","具有可分时空过滤器的固定效应半参数单指标面板模型的估计和检验","陈建宝, 李铂桂","2026","2026-03-09","统计研究","journal_article","2026, 03, v.43 134-146","10.19343/j.cnki.11-1302/c.2026.03.010","https://tjyj.cbpt.cnki.net/portal/journal/portal/client/paper/5b7957db2737995b3e2f1cc12c012c5c","REFERENCE_METADATA; NOT_WEB_RECHECKED_THIS_EXPORT","",""
"CN-010","cn","国民经济核算体系的优化与扩展——2025年SNA文本的整体解析","高敏雪, 李静萍","2026","2026-04-25","统计研究","journal_article","2026, 04, v.43 3-14","10.19343/j.cnki.11-1302/c.2026.04.001","https://tjyj.cbpt.cnki.net/portal/journal/portal/client/paper/ad8e926dbd34085bca9223ed3b488649","REFERENCE_METADATA; NOT_WEB_RECHECKED_THIS_EXPORT","",""
"CN-011","cn","新企业进入能否激励在位企业新质生产力提升？——来自全国工商注册企业数据的证据","王静, 王怡静, 胡学萌, 宋建","2026","2026-04-25","统计研究","journal_article","2026, 04, v.43 29-42","10.19343/j.cnki.11-1302/c.2026.04.003","https://tjyj.cbpt.cnki.net/portal/journal/portal/client/paper/6bb22eadcf6ef6e02adc85c2bcee034d","REFERENCE_METADATA; NOT_WEB_RECHECKED_THIS_EXPORT","",""
"CN-012","cn","生产网络视角下产业链多维冲击的影响效应分析","胡国良, 龙少波","2026","2026-04-25","统计研究","journal_article","2026, 04, v.43 43-58","10.19343/j.cnki.11-1302/c.2026.04.004","https://tjyj.cbpt.cnki.net/portal/journal/portal/client/paper/67fc1cf8d92a56faedd5e8266a8f0114","REFERENCE_METADATA; NOT_WEB_RECHECKED_THIS_EXPORT","",""
"CN-013","cn","SNA全球化核算框架及其应用","杨仲山, 吕梦迪","2026","2026-05-25","统计研究","journal_article","2026, 05, v.43 3-16","10.19343/j.cnki.11-1302/c.2026.05.001","https://tjyj.cbpt.cnki.net/portal/journal/portal/client/paper/b73bfb8a118aa5cbf74bf7cb687dcf34","REFERENCE_METADATA; NOT_WEB_RECHECKED_THIS_EXPORT","",""
"CN-014","cn","我国数字内容贸易规模测算方法初探与试测分析","周念利, 孟克, 贾怀勤","2026","2026-05-25","统计研究","journal_article","2026, 05, v.43 17-31","10.19343/j.cnki.11-1302/c.2026.05.002","https://tjyj.cbpt.cnki.net/portal/journal/portal/client/paper/ae16d6a8483172203966a01a4fdca87f","REFERENCE_METADATA; NOT_WEB_RECHECKED_THIS_EXPORT","",""
"CN-015","cn","我国各省份嵌入全球价值链地位演变的测度","季宏坤, 樊妞妞","2026","2026-05-25","统计研究","journal_article","2026, 05, v.43 73-87","10.19343/j.cnki.11-1302/c.2026.05.006","https://tjyj.cbpt.cnki.net/portal/journal/portal/client/paper/0bde66fc887111443bb1d89ea8b24382","REFERENCE_METADATA; NOT_WEB_RECHECKED_THIS_EXPORT","",""
"CN-016","cn","受众主体评价视角下的新质生产力统计测度","阮敬, 刘瑞琪, 詹婧, 邹璐","2026","2026-06-25","统计研究","journal_article","2026, 06, v.43 3-18","10.19343/j.cnki.11-1302/c.2026.06.001","https://tjyj.cbpt.cnki.net/portal/journal/portal/client/paper/a781c92d6a4233e5ee4e6976653a9809","REFERENCE_METADATA; NOT_WEB_RECHECKED_THIS_EXPORT","",""
"CN-017","cn","我国非正规经济的收入效应研究","刘波","2026","2026-06-25","统计研究","journal_article","2026, 06, v.43 107-120","10.19343/j.cnki.11-1302/c.2026.06.008","https://tjyj.cbpt.cnki.net/portal/journal/portal/client/paper/860e583616ea562af2d961c1014c2bce","REFERENCE_METADATA; NOT_WEB_RECHECKED_THIS_EXPORT","",""
"CN-018","cn","基于区域层次模型小域估计的住户调查市县域推断方法及应用研究","陈光慧, 董媚","2026","2026-06-25","统计研究","journal_article","2026, 06, v.43 131-146","10.19343/j.cnki.11-1302/c.2026.06.010","https://tjyj.cbpt.cnki.net/portal/journal/portal/client/paper/3b562c6ca48be7111f2b8fb8fee66586","REFERENCE_METADATA; NOT_WEB_RECHECKED_THIS_EXPORT","",""
"CN-019","cn","国际比较项目PPP区域链接方法改进研究","陈梦根, 谢婉婷, 马康浩","2026","2026-07-25","统计研究","journal_article","2026, 07, v.43 3-18","10.19343/j.cnki.11-1302/c.2026.07.001","https://tjyj.cbpt.cnki.net/portal/journal/portal/client/paper/5f3367bcec8afa04ca9a7c1e1ccd1870","REFERENCE_METADATA; NOT_WEB_RECHECKED_THIS_EXPORT","",""
"CN-020","cn","“双循环”视域下的区域价值链核算：以RCEP为例","董虹蔚","2026","2026-07-25","统计研究","journal_article","2026, 07, v.43 19-33","10.19343/j.cnki.11-1302/c.2026.07.002","https://tjyj.cbpt.cnki.net/portal/journal/portal/client/paper/c9eb188417339bdef023c25fa09152d8","REFERENCE_METADATA; NOT_WEB_RECHECKED_THIS_EXPORT","",""
"CN-021","cn","价格分化、通胀周期性和菲利普斯曲线的双（单）平坦化","祝梓翔, 高然, 王文甫","2026","2026-06-29","统计研究","journal_article","2026, 07, v.43 63-77","10.19343/j.cnki.11-1302/c.2026.07.005","https://tjyj.cbpt.cnki.net/portal/journal/portal/client/paper/b57be2822b10b41acc52a86ac027cc4e","REFERENCE_METADATA; NOT_WEB_RECHECKED_THIS_EXPORT","",""
"CN-022","cn","数字经济下居民真实生活成本指数构建与应用——基于超越GDP视角的研究","陈立双, 祝丹, 张耀峰","2026","2026-08-25","统计研究","journal_article","2026, 08, v.43 3-16","10.19343/j.cnki.11-1302/c.2026.08.001","https://tjyj.cbpt.cnki.net/portal/journal/portal/client/paper/4bcae25de90ed9de47eb0c2b9954850b","REFERENCE_METADATA; NOT_WEB_RECHECKED_THIS_EXPORT","",""
"CN-023","cn","数字经济增量投入产出模型的软投入组合贡献分析","宋辉, 周雪菲, 吕晓悦, 孙尧帅","2026","2026-08-25","统计研究","journal_article","2026, 08, v.43 17-30","10.19343/j.cnki.11-1302/c.2026.08.002","https://tjyj.cbpt.cnki.net/portal/journal/portal/client/paper/013b7f6a11e988626543aa9b39e39d46","REFERENCE_METADATA; NOT_WEB_RECHECKED_THIS_EXPORT","",""
"CN-024","cn","我国人口发展趋势及政策启示","陈磊, 陈松蹊, 何婧","2026","2026-08-25","统计研究","journal_article","2026, 08, v.43 31-45","10.19343/j.cnki.11-1302/c.2026.08.003","https://tjyj.cbpt.cnki.net/portal/journal/portal/client/paper/623c87805a23170700d3dc60d172d5cb","REFERENCE_METADATA; NOT_WEB_RECHECKED_THIS_EXPORT","",""
"CN-025","cn","有效协变量平衡倾向得分的奇异性问题与改进方法","马键, 胡毅, 汪寿阳","2026","2026-03-25","系统工程理论与实践","journal_article","2026, 46(3): 1304-1323","10.12011/SETP2024-1608","https://sysengi.cjoe.ac.cn/CN/10.12011/SETP2024-1608","REFERENCE_METADATA; NOT_WEB_RECHECKED_THIS_EXPORT","",""
"CN-026","cn","具有季节性时变效应的离散系统灰色模型及其应用","周仕炜, 赵宇峰, 李雪梅, 党耀国","2026","2026-03-25","系统工程理论与实践","journal_article","2026, 46(3): 1324-1338","10.12011/SETP2024-1199","https://sysengi.cjoe.ac.cn/CN/10.12011/SETP2024-1199","REFERENCE_METADATA; NOT_WEB_RECHECKED_THIS_EXPORT","",""
"CN-027","cn","多源随机聚合指数及影响因素研究","董乾坤, 易平涛, 李伟伟, 王露","2026","2026-04-21","系统工程理论与实践","journal_article","2026, 46(4): 1543-1558","10.12011/SETP2024-1621","https://sysengi.cjoe.ac.cn/CN/10.12011/SETP2024-1621","REFERENCE_METADATA; NOT_WEB_RECHECKED_THIS_EXPORT","",""
"CN-028","cn","航线网络需求非限化估计中的广义随机偏好选择模型","郭鹏, 周杰","2026","2026-04-21","系统工程理论与实践","journal_article","2026, 46(4): 1792-1806","10.12011/SETP2024-2101","https://sysengi.cjoe.ac.cn/CN/10.12011/SETP2024-2101","REFERENCE_METADATA; NOT_WEB_RECHECKED_THIS_EXPORT","",""
"CN-029","cn","中国数字经济关联网络结构特征及演化机制研究","郑耀群, 张彬, 柴建","2026","2026-05-25","系统工程理论与实践","journal_article","2026, 46(5): 1868-1885","10.12011/SETP2024-0438","https://sysengi.cjoe.ac.cn/CN/10.12011/SETP2024-0438","REFERENCE_METADATA; NOT_WEB_RECHECKED_THIS_EXPORT","",""
"CN-030","cn","中国上市公司核心竞争力: 新测度及效度检验","唐浩博, 吴世农, 张腾","2026","2026-06-25","系统工程理论与实践","journal_article","2026, 46(6): 2249-2266","10.12011/SETP2024-2260","https://sysengi.cjoe.ac.cn/CN/10.12011/SETP2024-2260","REFERENCE_METADATA; NOT_WEB_RECHECKED_THIS_EXPORT","",""
"CN-031","cn","基于三支冲突感知分析的群决策共识模型","郑强, 梁德翠, 付园园, 徐泽水","2026","2026-01-25","中国管理科学","journal_article","2026, 34(1): 85-93","10.16381/j.cnki.issn1003-207x.2023.0901","https://www.zgglkx.com/CN/10.16381/j.cnki.issn1003-207x.2023.0901","REFERENCE_METADATA; NOT_WEB_RECHECKED_THIS_EXPORT","",""
"CN-032","cn","基于CWPHM算子和C-DEMATEL的语言型多属性决策方法","王伟明, 徐海燕, 朱建军, 周声海","2026","2026-01-25","中国管理科学","journal_article","2026, 34(1): 94-103","10.16381/j.cnki.issn1003-207x.2023.0903","https://www.zgglkx.com/CN/10.16381/j.cnki.issn1003-207x.2023.0903","REFERENCE_METADATA; NOT_WEB_RECHECKED_THIS_EXPORT","",""
"CN-033","cn","超效率含义、投影可靠性与稳健型生产前沿","马占新, 侯鹏波","2026","2026-03-25","中国管理科学","journal_article","2026, 34(3): 146-158","10.16381/j.cnki.issn1003-207x.2023.0981","https://www.zgglkx.com/CN/10.16381/j.cnki.issn1003-207x.2023.0981","REFERENCE_METADATA; NOT_WEB_RECHECKED_THIS_EXPORT","",""
"CN-034","cn","考虑不确定性的共同权重鲁棒DEA模型及其应用研究","李犟, 吴和成, 王励文","2026","2026-03-25","中国管理科学","journal_article","2026, 34(3): 333-344","10.16381/j.cnki.issn1003-207x.2024.0206","https://www.zgglkx.com/CN/10.16381/j.cnki.issn1003-207x.2024.0206","REFERENCE_METADATA; NOT_WEB_RECHECKED_THIS_EXPORT","",""
"CN-035","cn","基于前景理论和属性相关的概率语言SIR多属性群决策方法及应用","杨洁, 蔡志坤, 郑智文, 赖礼邦, 徐泽水","2026","2026-04-25","中国管理科学","journal_article","2026, 34(4): 77-88","10.16381/j.cnki.issn1003-207x.2023.2030","https://www.zgglkx.com/CN/10.16381/j.cnki.issn1003-207x.2023.2030","REFERENCE_METADATA; NOT_WEB_RECHECKED_THIS_EXPORT","",""
"CN-036","cn","复杂系统层次—情境型群组DEMATEL因素分析方法","孙永河, 黄子航, 缪彬, 迟福东","2026","2026-04-25","中国管理科学","journal_article","2026, 34(4): 89-99","10.16381/j.cnki.issn1003-207x.2023.1784","https://www.zgglkx.com/CN/10.16381/j.cnki.issn1003-207x.2023.1784","REFERENCE_METADATA; NOT_WEB_RECHECKED_THIS_EXPORT","",""
"CN-037","cn","基于分析师评论文本情感挖掘的原油收益率预测研究","张圆圆, 张跃军","2026","2026-01-28","系统工程理论与实践","journal_article","2026, 46(1): 158-176","10.12011/SETP2024-1927","https://sysengi.cjoe.ac.cn/CN/10.12011/SETP2024-1927","REFERENCE_METADATA; NOT_WEB_RECHECKED_THIS_EXPORT","",""
"CN-038","cn","基于语义感知的不确定知识推理模型","赵一晴, 李喜华, 邓彬","2026","2026-01-28","系统工程理论与实践","journal_article","2026, 46(1): 401-411","10.12011/SETP2023-2927","https://sysengi.cjoe.ac.cn/CN/10.12011/SETP2023-2927","REFERENCE_METADATA; NOT_WEB_RECHECKED_THIS_EXPORT","",""
"CN-039","cn","动态高阶有向加权网络节点序结构时序变化辨识研究","胡钢, 康凯, 胡俊杰, 徐翔, 任勇军","2026","2026-02-25","系统工程理论与实践","journal_article","2026, 46(2): 813-828","10.12011/SETP2024-0567","https://sysengi.cjoe.ac.cn/CN/10.12011/SETP2024-0567","REFERENCE_METADATA; NOT_WEB_RECHECKED_THIS_EXPORT","",""
"CN-040","cn","基于属性与结构自编码的无监督图异常检测","张和贵, 张博宇, 徐健, 寇纲","2026","2026-02-25","系统工程理论与实践","journal_article","2026, 46(2): 829-843","10.12011/SETP2025-0508","https://sysengi.cjoe.ac.cn/CN/10.12011/SETP2025-0508","REFERENCE_METADATA; NOT_WEB_RECHECKED_THIS_EXPORT","",""
"CN-041","cn","基于动态尺度反向学习的改进金豺优化算法","杜淼, 蔡建峰","2026","2026-02-25","系统工程理论与实践","journal_article","2026, 46(2): 844-852","10.12011/SETP2024-0312","https://sysengi.cjoe.ac.cn/CN/10.12011/SETP2024-0312","REFERENCE_METADATA; NOT_WEB_RECHECKED_THIS_EXPORT","",""
"CN-042","cn","基于混合式特征选择的复杂产品关键质量特性识别","韩亚娟, 雷小虎, 章露露, 汪建","2026","2026-02-25","系统工程理论与实践","journal_article","2026, 46(2): 853-865","10.12011/SETP2024-0410","https://sysengi.cjoe.ac.cn/CN/10.12011/SETP2024-0410","REFERENCE_METADATA; NOT_WEB_RECHECKED_THIS_EXPORT","",""
"CN-043","cn","时态共病网络感知的心力衰竭患者住院时长预测方法","梁叶, 郭崇慧","2026","2026-02-25","系统工程理论与实践","journal_article","2026, 46(2): 866-882","10.12011/SETP2024-0809","https://sysengi.cjoe.ac.cn/CN/10.12011/SETP2024-0809","REFERENCE_METADATA; NOT_WEB_RECHECKED_THIS_EXPORT","",""
"CN-044","cn","基于多时序模式客流时空交互和生成对抗网络的城轨短时进站流预测模型","张金雷, 杨咏杰, 阴佳腾, 李华, 杨立兴, 高自友","2026","2026-03-25","系统工程理论与实践","journal_article","2026, 46(3): 1271-1290","10.12011/SETP2023-2648","https://sysengi.cjoe.ac.cn/CN/10.12011/SETP2023-2648","REFERENCE_METADATA; NOT_WEB_RECHECKED_THIS_EXPORT","",""
"CN-045","cn","基于可解释异质加权集成树的车贷违约风险预测方法研究","魏孝文, 王苏桐, 余乐安, 王杜娟, 殷允强","2026","2026-04-21","系统工程理论与实践","journal_article","2026, 46(4): 1524-1542","10.12011/SETP2024-1550","https://sysengi.cjoe.ac.cn/CN/10.12011/SETP2024-1550","REFERENCE_METADATA; NOT_WEB_RECHECKED_THIS_EXPORT","",""
"CN-046","cn","金融时序预测中分解过程的前瞻性偏差分析与末端效应控制方法研究","姜旭初, 李明, 魏海滨","2026","2026-04-21","系统工程理论与实践","journal_article","2026, 46(4): 1503-1524","10.12011/SETP2024-1144","https://sysengi.cjoe.ac.cn/CN/10.12011/SETP2024-1144","REFERENCE_METADATA; NOT_WEB_RECHECKED_THIS_EXPORT","",""
"CN-047","cn","基于可解释深度学习的碳交易价格驱动因素研究","陈晓红, 肖粲然, 刘咏梅","2026","2026-05-25","系统工程理论与实践","journal_article","2026, 46(5): 1998-2012","10.12011/SETP2024-0495","https://sysengi.cjoe.ac.cn/CN/10.12011/SETP2024-0495","REFERENCE_METADATA; NOT_WEB_RECHECKED_THIS_EXPORT","",""
"CN-048","cn","高维成分数据分类的密度卷积SVM特征选择方法","陈佳佳, 吴灵晨, 张晓琴","2026","2026-05-25","系统工程理论与实践","journal_article","2026, 46(5): 2164-2176","10.12011/SETP2024-2972","https://sysengi.cjoe.ac.cn/CN/10.12011/SETP2024-2972","REFERENCE_METADATA; NOT_WEB_RECHECKED_THIS_EXPORT","",""
"CN-049","cn","正无标签数据的公平信用评分: 准则、框架和算法","方匡南, 邱涌钦, 余乐安, 张庆昭","2026","2026-05-25","系统工程理论与实践","journal_article","2026, 46(5): 2177-2192","10.12011/SETP2024-0850","https://sysengi.cjoe.ac.cn/CN/10.12011/SETP2024-0850","REFERENCE_METADATA; NOT_WEB_RECHECKED_THIS_EXPORT","",""
"CN-050","cn","针对交通降质数据的在线鲁棒张量恢复算法","杨一扬, 廖貅武, 王尧","2026","2026-05-25","系统工程理论与实践","journal_article","2026, 46(5): 2193-2210","10.12011/SETP2024-1898","https://sysengi.cjoe.ac.cn/CN/10.12011/SETP2024-1898","REFERENCE_METADATA; NOT_WEB_RECHECKED_THIS_EXPORT","",""
"CN-051","cn","考虑重大危机事件的Brent原油价格预测——从影响渠道出发","张奇, 张丁漩, 胡毅, 焦建彬, 汪寿阳","2026","2026-05-25","系统工程理论与实践","journal_article","2026, 46(5): 2013-2036","10.12011/SETP2024-0217","https://sysengi.cjoe.ac.cn/CN/10.12011/SETP2024-0217","REFERENCE_METADATA; NOT_WEB_RECHECKED_THIS_EXPORT","",""
"CN-052","cn","基于分层深度强化学习的多机器人任务分配和路径规划联合优化研究","袁瑞萍, 姜盈帆, 司林胜, 崔春生, 刘浚哲, 李俊韬","2026","2026-06-25","系统工程理论与实践","journal_article","2026, 46(6): 2547-2569","10.12011/SETP2025-1339","https://sysengi.cjoe.ac.cn/CN/10.12011/SETP2025-1339","REFERENCE_METADATA; NOT_WEB_RECHECKED_THIS_EXPORT","",""
"CN-053","cn","基于贝叶斯迁移学习的高质量过程监控","李可雨阳, 王宁, 汪建均","2026","2026-06-25","系统工程理论与实践","journal_article","2026, 46(6): 2602-2616","10.12011/SETP2025-0286","https://sysengi.cjoe.ac.cn/CN/10.12011/SETP2025-0286","REFERENCE_METADATA; NOT_WEB_RECHECKED_THIS_EXPORT","",""
"CN-054","cn","企业协同与空间效应下的消费者需求预测: 基于时空图神经网络模型","张婧, 赵玺捷, 徐健, 王广宇","2026","2026-06-25","系统工程理论与实践","journal_article","2026, 46(6): 2643-2659","10.12011/SETP2025-0400","https://sysengi.cjoe.ac.cn/CN/10.12011/SETP2025-0400","REFERENCE_METADATA; NOT_WEB_RECHECKED_THIS_EXPORT","",""
"CN-055","cn","考虑多元多尺度特征驱动两阶段参数寻优的煤炭价格预测研究","方心, 张成元, 柴建, 汪寿阳","2026","2026-06-25","系统工程理论与实践","journal_article","2026, 46(6): 2660-2671","10.12011/SETP2024-2393","https://sysengi.cjoe.ac.cn/CN/10.12011/SETP2024-2393","REFERENCE_METADATA; NOT_WEB_RECHECKED_THIS_EXPORT","",""
"CN-056","cn","基于IMI-LP模型的森林火灾蔓延趋势预测研究","傅小倞, 陈榆彬, 李桦佚, 钱夏睿, 秦睿, 董书宇, 李珊","2026","2026-06-25","系统工程理论与实践","journal_article","2026, 46(6): 2672-2691","10.12011/SETP2024-2050","https://sysengi.cjoe.ac.cn/CN/10.12011/SETP2024-2050","REFERENCE_METADATA; NOT_WEB_RECHECKED_THIS_EXPORT","",""
"CN-057","cn","复杂数据驱动下的质量检测、监测与运维技术研究综述","高园园, 洪铦栋, 陶宝平, 欧阳林寒","2026","2026-02-25","中国管理科学","journal_article","2026, 34(2): 41-55","10.16381/j.cnki.issn1003-207x.2024.1767","https://www.zgglkx.com/CN/10.16381/j.cnki.issn1003-207x.2024.1767","REFERENCE_METADATA; NOT_WEB_RECHECKED_THIS_EXPORT","",""
"CN-058","cn","考虑文本结构特征的产品召回监督主题模型及应用研究","施文, 渠玉杰, 王小双","2026","2026-02-25","中国管理科学","journal_article","2026, 34(2): 103-119","10.16381/j.cnki.issn1003-207x.2023.1637","https://www.zgglkx.com/CN/10.16381/j.cnki.issn1003-207x.2023.1637","REFERENCE_METADATA; NOT_WEB_RECHECKED_THIS_EXPORT","",""
"CN-059","cn","基于TSO-LS-SVM模型的电煤库存风险评价研究","陈云峰, 于雪, 刘吉成, 马旭颖, 朱玺瑞","2026","2026-02-25","中国管理科学","journal_article","2026, 34(2): 164-175","10.16381/j.cnki.issn1003-207x.2023.1065","https://www.zgglkx.com/CN/10.16381/j.cnki.issn1003-207x.2023.1065","REFERENCE_METADATA; NOT_WEB_RECHECKED_THIS_EXPORT","",""
"CN-060","cn","基于双元池的风电爬坡事件预测方法研究","刘岭, 王聚杰","2026","2026-02-25","中国管理科学","journal_article","2026, 34(2): 176-184","10.16381/j.cnki.issn1003-207x.2023.1508","https://www.zgglkx.com/CN/10.16381/j.cnki.issn1003-207x.2023.1508","REFERENCE_METADATA; NOT_WEB_RECHECKED_THIS_EXPORT","",""
"CN-061","cn","“结构-信息”耦合网络下基于强化学习的群智共识决策建模研究","谭笑, 蔡嘉麒, 巩在武","2026","2026-03-25","中国管理科学","journal_article","2026, 34(3): 357-368","10.16381/j.cnki.issn1003-207x.2024.2237","https://www.zgglkx.com/CN/10.16381/j.cnki.issn1003-207x.2024.2237","REFERENCE_METADATA; NOT_WEB_RECHECKED_THIS_EXPORT","",""
"CN-062","cn","考虑空间邻近效应的经济时间序列预测建模与应用研究","丁松, 神兴傲, 党耀国, 郭旭鹏","2026","2026-04-25","中国管理科学","journal_article","2026, 34(4): 34-46","10.16381/j.cnki.issn1003-207x.2024.0854","https://www.zgglkx.com/CN/10.16381/j.cnki.issn1003-207x.2024.0854","REFERENCE_METADATA; NOT_WEB_RECHECKED_THIS_EXPORT","",""
"CN-063","cn","上市公司多层关系网络中混频信息交互与传播能够提升资产定价性能吗？——基于图神经网络的资产定价研究","王泽舟, 许启发, 蒋翠侠","2026","2026-04-25","中国管理科学","journal_article","2026, 34(4): 47-62","10.16381/j.cnki.issn1003-207x.2024.0896","https://www.zgglkx.com/CN/10.16381/j.cnki.issn1003-207x.2024.0896","REFERENCE_METADATA; NOT_WEB_RECHECKED_THIS_EXPORT","",""
"CN-064","cn","信息披露数据异常分布检验：一种财务欺诈检测的新策略","李国文, 龚羽豪, 李靖宇, 王帅","2026","2026-02-25","中国管理科学","journal_article","2026, 34(2): 67-78","10.16381/j.cnki.issn1003-207x.2023.1719","https://www.zgglkx.com/CN/10.16381/j.cnki.issn1003-207x.2023.1719","REFERENCE_METADATA; NOT_WEB_RECHECKED_THIS_EXPORT","",""
"CN-065","cn","经济政策不确定性与中国股市波动率——基于已实现SV-MIDAS模型的实证研究","吴鑫育, 朱志田, 马超群","2026","2026-01-25","中国管理科学","journal_article","2026, 34(1): 28-40","10.16381/j.cnki.issn1003-207x.2023.1116","https://www.zgglkx.com/CN/10.16381/j.cnki.issn1003-207x.2023.1116","REFERENCE_METADATA; NOT_WEB_RECHECKED_THIS_EXPORT","",""
"CN-066","cn","股价同步性——信息与噪声的统一框架","陈镇喜, 李京翰, 张维","2026","2026-01-25","中国管理科学","journal_article","2026, 34(1): 41-59","10.16381/j.cnki.issn1003-207x.2024.0795","https://www.zgglkx.com/CN/10.16381/j.cnki.issn1003-207x.2024.0795","REFERENCE_METADATA; NOT_WEB_RECHECKED_THIS_EXPORT","",""
"CN-067","cn","货币政策公告前的股价漂移：形成机理与影响因素","马勇, 陈犁, 陈炜","2026","2026-01-25","中国管理科学","journal_article","2026, 34(1): 60-71","10.16381/j.cnki.issn1003-207x.2024.0361","https://www.zgglkx.com/CN/10.16381/j.cnki.issn1003-207x.2024.0361","REFERENCE_METADATA; NOT_WEB_RECHECKED_THIS_EXPORT","",""
"CN-068","cn","考虑投资者关注度的反转型在线投资组合策略","张永, 黄清梅, 郑萧腾, 王福鼎, 杨兴雨","2026","2026-02-25","中国管理科学","journal_article","2026, 34(2): 56-66","10.16381/j.cnki.issn1003-207x.2023.0501","https://www.zgglkx.com/CN/10.16381/j.cnki.issn1003-207x.2023.0501","REFERENCE_METADATA; NOT_WEB_RECHECKED_THIS_EXPORT","",""
"CN-069","cn","权证实现了股权分置改革对价支付功能吗？","俞乃畅, 程康, 李心丹, 杨学伟","2026","2026-03-25","中国管理科学","journal_article","2026, 34(3): 1-14","10.16381/j.cnki.issn1003-207x.2024.0826","https://www.zgglkx.com/CN/10.16381/j.cnki.issn1003-207x.2024.0826","REFERENCE_METADATA; NOT_WEB_RECHECKED_THIS_EXPORT","",""
"CN-070","cn","中小股东网络表达对企业金融化的影响","邹高峰, 李广群, 熊熊, 崔博洋","2026","2026-03-25","中国管理科学","journal_article","2026, 34(3): 15-24","10.16381/j.cnki.issn1003-207x.2023.2215","https://www.zgglkx.com/CN/10.16381/j.cnki.issn1003-207x.2023.2215","REFERENCE_METADATA; NOT_WEB_RECHECKED_THIS_EXPORT","",""
"CN-071","cn","2021年拉闸限电事件对中国股市的冲击","孟佶贤, 康吉嘉, 杨倩倩, 杨晓光","2026","2026-03-25","中国管理科学","journal_article","2026, 34(3): 25-38","10.16381/j.cnki.issn1003-207x.2022.1731","https://www.zgglkx.com/CN/10.16381/j.cnki.issn1003-207x.2022.1731","REFERENCE_METADATA; NOT_WEB_RECHECKED_THIS_EXPORT","",""
"CN-072","cn","模型不确定性下的企业最优资本结构","武瑶瑶, 邹镇涛","2026","2026-03-25","中国管理科学","journal_article","2026, 34(3): 51-56","10.16381/j.cnki.issn1003-207x.2022.0250","https://www.zgglkx.com/CN/10.16381/j.cnki.issn1003-207x.2022.0250","REFERENCE_METADATA; NOT_WEB_RECHECKED_THIS_EXPORT","",""
"CN-073","cn","考虑韧性的平台融资模式选择、冲突与机制设计","刘露, 胡磊, 姜涛, 姜力文","2026","2026-03-25","中国管理科学","journal_article","2026, 34(3): 57-68","10.16381/j.cnki.issn1003-207x.2023.1980","https://www.zgglkx.com/CN/10.16381/j.cnki.issn1003-207x.2023.1980","REFERENCE_METADATA; NOT_WEB_RECHECKED_THIS_EXPORT","",""
"CN-074","cn","高频网络波动率矩阵模型构建及其应用","赵树然, 李金宸, 张洁, 任培民","2026","2026-03-25","中国管理科学","journal_article","2026, 34(3): 122-133","10.16381/j.cnki.issn1003-207x.2023.0115","https://www.zgglkx.com/CN/10.16381/j.cnki.issn1003-207x.2023.0115","REFERENCE_METADATA; NOT_WEB_RECHECKED_THIS_EXPORT","",""
"CN-075","cn","供应链金融动态折扣模式演进过程与最优决策","杨晓叶, 胡雪芹, 宋华","2026","2026-03-25","中国管理科学","journal_article","2026, 34(3): 159-169","10.16381/j.cnki.issn1003-207x.2023.0013","https://www.zgglkx.com/CN/10.16381/j.cnki.issn1003-207x.2023.0013","REFERENCE_METADATA; NOT_WEB_RECHECKED_THIS_EXPORT","",""
"CN-076","cn","制造商过度自信的绿色供应链融资和定价策略","邹清明, 谢文芳, 李玉琼","2026","2026-03-25","中国管理科学","journal_article","2026, 34(3): 170-180","10.16381/j.cnki.issn1003-207x.2023.0217","https://www.zgglkx.com/CN/10.16381/j.cnki.issn1003-207x.2023.0217","REFERENCE_METADATA; NOT_WEB_RECHECKED_THIS_EXPORT","",""
"CN-077","cn","时间偏好不一致性下的消费和投资选择——基于投资业绩稳定的视角","王远平, 杨金强, 孟祥煜","2026","2026-04-25","中国管理科学","journal_article","2026, 34(4): 1-12","10.16381/j.cnki.issn1003-207x.2022.2149","https://www.zgglkx.com/CN/10.16381/j.cnki.issn1003-207x.2022.2149","REFERENCE_METADATA; NOT_WEB_RECHECKED_THIS_EXPORT","",""
"CN-078","cn","绿色信贷政策对企业社会责任履行的影响——基于资源再配置视角的经验证据","张跃军, 强薇","2026","2026-04-25","中国管理科学","journal_article","2026, 34(4): 13-21","10.16381/j.cnki.issn1003-207x.2024.1610","https://www.zgglkx.com/CN/10.16381/j.cnki.issn1003-207x.2024.1610","REFERENCE_METADATA; NOT_WEB_RECHECKED_THIS_EXPORT","",""
"CN-079","cn","基于混合分位数与时变权重组合的碳价格区间预测研究","王聚杰, 张欣","2026","2026-04-25","中国管理科学","journal_article","2026, 34(4): 298-308","10.16381/j.cnki.issn1003-207x.2024.1451","https://www.zgglkx.com/CN/10.16381/j.cnki.issn1003-207x.2024.1451","REFERENCE_METADATA; NOT_WEB_RECHECKED_THIS_EXPORT","",""
"CN-080","cn","风险共担视角下CCER项目开发模式分析及协调机制研究","李佩函, 汪仲泽, 夏西强, 路梦圆","2026","2026-01-25","中国管理科学","journal_article","2026, 34(1): 244-255","10.16381/j.cnki.issn1003-207x.2023.1401","https://www.zgglkx.com/CN/10.16381/j.cnki.issn1003-207x.2023.1401","REFERENCE_METADATA; NOT_WEB_RECHECKED_THIS_EXPORT","",""
"CN-081","cn","资产价格与通胀感知偏差——基于数字金融发展的再思考","刘珺, 康立, 丁雨婷","2026","2026-06-25","金融研究","journal_article","2026, (6): 1-19","NOT_RECORDED","http://www.jryj.org.cn/CN/abstract/abstract1618.shtml","REFERENCE_METADATA; NOT_WEB_RECHECKED_THIS_EXPORT","",""
"CN-082","cn","开“前门”是否有助堵“后门”？——地方政府专项债务发行对隐性债务举借的影响","孟源祎, 聂卓, 马光荣, 赵耀红","2026","2026-06-25","金融研究","journal_article","2026, (6): 20-37","NOT_RECORDED","http://www.jryj.org.cn/CN/abstract/abstract1619.shtml","REFERENCE_METADATA; NOT_WEB_RECHECKED_THIS_EXPORT","",""
"CN-083","cn","双向奔赴:地级市专项债投资与省级五年规划","吴敏, 冯帆, 毛捷, 柏金春","2026","2026-06-25","金融研究","journal_article","2026, (6): 38-56","NOT_RECORDED","http://www.jryj.org.cn/CN/abstract/abstract1620.shtml","REFERENCE_METADATA; NOT_WEB_RECHECKED_THIS_EXPORT","",""
"CN-084","cn","针对地方政府违规举债问题的公开问责有效吗?——来自地方融资平台有息负债的证据","邱志刚, 张志林, 王子悦","2026","2026-06-25","金融研究","journal_article","2026, (6): 57-75","NOT_RECORDED","http://www.jryj.org.cn/CN/abstract/abstract1621.shtml","REFERENCE_METADATA; NOT_WEB_RECHECKED_THIS_EXPORT","",""
"CN-085","cn","企业前瞻性转型风险与隐含权益资本成本——基于净零排放投资组合的视角","魏杰, 吴笑涵, 孔东民","2026","2026-06-25","金融研究","journal_article","2026, (6): 76-93","NOT_RECORDED","http://www.jryj.org.cn/CN/abstract/abstract1622.shtml","REFERENCE_METADATA; NOT_WEB_RECHECKED_THIS_EXPORT","",""
"CN-086","cn","企业组织形态的税收洼地效应","鲁元平, 贺天祥, 赵颖, 崔小勇","2026","2026-06-25","金融研究","journal_article","2026, (6): 94-112","NOT_RECORDED","http://www.jryj.org.cn/CN/abstract/abstract1623.shtml","REFERENCE_METADATA; NOT_WEB_RECHECKED_THIS_EXPORT","",""
"CN-087","cn","司法专业化、债权保护与商业信用发展——来自审执分离改革的证据","赵仁杰, 程旭翀, 杜诚","2026","2026-06-25","金融研究","journal_article","2026, (6): 113-130","NOT_RECORDED","http://www.jryj.org.cn/CN/abstract/abstract1624.shtml","REFERENCE_METADATA; NOT_WEB_RECHECKED_THIS_EXPORT","",""
"CN-088","cn","产融合作试点、融资信心提振与劳动关系优化——来自裁判文书大数据的证据","徐照宜, 巩冰, 杨斯尧, 许思扬","2026","2026-06-25","金融研究","journal_article","2026, (6): 131-149","NOT_RECORDED","http://www.jryj.org.cn/CN/abstract/abstract1625.shtml","REFERENCE_METADATA; NOT_WEB_RECHECKED_THIS_EXPORT","",""
"CN-089","cn","数字信用与家庭经济风险:护城河还是风险敞口？","宋全云, 黎多毅, 程瑞祺","2026","2026-06-25","金融研究","journal_article","2026, (6): 150-168","NOT_RECORDED","http://www.jryj.org.cn/CN/abstract/abstract1626.shtml","REFERENCE_METADATA; NOT_WEB_RECHECKED_THIS_EXPORT","",""
"CN-090","cn","科技创新债券发行对承销商业绩的溢出效应","史永东, 张曦仁, 陈火亮, 甄红线","2026","2026-06-25","金融研究","journal_article","2026, (6): 169-187","NOT_RECORDED","http://www.jryj.org.cn/CN/abstract/abstract1627.shtml","REFERENCE_METADATA; NOT_WEB_RECHECKED_THIS_EXPORT","",""
"CN-091","cn","基于大语言模型的故障复现测试用例生成方法","汪莹, 字千成, 彭鑫, 娄一翎","2026","2026-04-06","软件学报","journal_article","2026,37(4):1690-1714","10.13328/j.cnki.jos.007474","https://www.jos.org.cn/jos/ch/reader/view_abstract.aspx?file_no=7474&flag=1","REFERENCE_METADATA; NOT_WEB_RECHECKED_THIS_EXPORT","",""
"CN-092","cn","面向开放世界持续学习的任务敏感提示驱动混合专家模型","李昱洁, 吴晗, 孟丹, 李天瑞, 杨新","2026","2026-04-06","软件学报","journal_article","2026,37(4):1531-1547","10.13328/j.cnki.jos.007525","https://www.jos.org.cn/jos/ch/reader/view_abstract.aspx?file_no=7525&flag=1","REFERENCE_METADATA; NOT_WEB_RECHECKED_THIS_EXPORT","",""
"CN-093","cn","基于多模态异质图网络的专利推荐算法","赖培源, 卢伊虹, 廖德章, 王昌栋, 戴青云, 赖剑煌","2026","2026-05-06","软件学报","journal_article","2026,37(5):1964-1981","10.13328/j.cnki.jos.007537","https://www.jos.org.cn/jos/ch/reader/view_abstract.aspx?file_no=7537&flag=1","REFERENCE_METADATA; NOT_WEB_RECHECKED_THIS_EXPORT","",""
"CN-094","cn","SmartGen-AADL: 多智能体系统需求分析与AADL模型生成","葛楚妍, 王培远, 王甜甜, 黄钇茗, 杨小天","2026","2026-08-06","软件学报","journal_article","2026,37(8):3052-3088","10.13328/j.cnki.jos.007595","https://www.jos.org.cn/jos/ch/reader/view_abstract.aspx?file_no=7595&flag=1","REFERENCE_METADATA; NOT_WEB_RECHECKED_THIS_EXPORT","",""
"CN-095","cn","CodeLLMTuner: 基于样本重用的代码大模型选择与解码参数调优框架","曲慕子, 亢良伊, 刘杰, 王帅, 叶丹, 黄涛","2026","2026-05-06","软件学报","journal_article","2026,37(5):2131-2150","10.13328/j.cnki.jos.007508","https://www.jos.org.cn/jos/ch/reader/view_abstract.aspx?file_no=7508&flag=1","REFERENCE_METADATA; NOT_WEB_RECHECKED_THIS_EXPORT","",""
"CN-096","cn","信用管理对消费者行为的双重影响——基于哈啰单车驾照分的实证分析","李晶晶, 陈帅, 秦萍, 耿可心, 王雅璨","2025","2025","管理世界","journal_article","2025, 41(4): 136-154","10.19744/j.cnki.11-1235/f.2025.0051","https://doi.org/10.19744/j.cnki.11-1235/f.2025.0051","REFERENCE_METADATA; NOT_WEB_RECHECKED_THIS_EXPORT","",""
"CN-097","cn","要素替代非对称性与资源配置效率","林毅夫, 王勇, 岳威铮, 朱礼军","2025","2025","管理世界","journal_article","2025, 41(6): 1-19","10.19744/j.cnki.11-1235/f.2025.0080","https://doi.org/10.19744/j.cnki.11-1235/f.2025.0080","REFERENCE_METADATA; NOT_WEB_RECHECKED_THIS_EXPORT","",""
"CN-098","cn","人工智能时代中国管理学学术体系建构","戚聿东, 朱正浩, 赵志栋","2025","2025","管理世界","journal_article","2025, 41(7): 172-191","10.19744/j.cnki.11-1235/f.2025.0090","https://doi.org/10.19744/j.cnki.11-1235/f.2025.0090","REFERENCE_METADATA; NOT_WEB_RECHECKED_THIS_EXPORT","",""
"CN-099","cn","共同富裕目标下农产品区域公用品牌的收入效应研究——来自原国家级贫困县的经验证据","杨丹, 朱珠, 刘自敏, 余建宇","2025","2025","管理世界","journal_article","2025, 41(7): 149-171","10.19744/j.cnki.11-1235/f.2025.0095","https://doi.org/10.19744/j.cnki.11-1235/f.2025.0095","REFERENCE_METADATA; NOT_WEB_RECHECKED_THIS_EXPORT","",""
"CN-100","cn","风险偏好能否成为我国金融风险的前瞻性指标？——来自前沿机器学习方法的新证据","杨子晖, 李东承, 陈雨恬","2025","2025","管理世界","journal_article","2025, 41(10): 21-37","10.19744/j.cnki.11-1235/f.2025.0130","https://doi.org/10.19744/j.cnki.11-1235/f.2025.0130","REFERENCE_METADATA; NOT_WEB_RECHECKED_THIS_EXPORT","",""
"EN-001","en","Online Detection of Changes in Moment--Based Projections: When to Retrain Deep Learners or Update Portfolios?","Ansgar Steland","2026","2026","Journal of Machine Learning Research","journal_article","27(2):1−50","NOT_RECORDED","https://www.jmlr.org/papers/v27/23-0274.html","REFERENCE_METADATA; NOT_WEB_RECHECKED_THIS_EXPORT","",""
"EN-002","en","Efficient frequent directions algorithms for approximate decomposition of matrices and higher-order tensors","Maolin Che, Yimin Wei, Hong Yan","2026","2026","Journal of Machine Learning Research","journal_article","27(3):1−56","NOT_RECORDED","https://www.jmlr.org/papers/v27/23-0737.html","REFERENCE_METADATA; NOT_WEB_RECHECKED_THIS_EXPORT","",""
"EN-003","en","Identifying Weight-Variant Latent Causal Models","Yuhang Liu, Zhen Zhang, Dong Gong, Mingming Gong, Biwei Huang, Anton van den Hengel, Kun Zhang, Javen Qinfeng Shi","2026","2026","Journal of Machine Learning Research","journal_article","27(4):1−49","NOT_RECORDED","https://www.jmlr.org/papers/v27/23-1023.html","REFERENCE_METADATA; NOT_WEB_RECHECKED_THIS_EXPORT","",""
"EN-004","en","Classification Under Local Differential Privacy with Model Reversal and Model Averaging","Caihong Qin, Yang Bai","2026","2026","Journal of Machine Learning Research","journal_article","27(5):1−44","NOT_RECORDED","https://www.jmlr.org/papers/v27/24-0290.html","REFERENCE_METADATA; NOT_WEB_RECHECKED_THIS_EXPORT","",""
"EN-005","en","Stochastic Gradient Methods: Bias, Stability and Generalization","Shuang Zeng, Yunwen Lei","2026","2026","Journal of Machine Learning Research","journal_article","27(6):1−55","NOT_RECORDED","https://www.jmlr.org/papers/v27/24-0637.html","REFERENCE_METADATA; NOT_WEB_RECHECKED_THIS_EXPORT","",""
"EN-006","en","Extending Mean-Field Variational Inference via Entropic Regularization: Theory and Computation","Bohan Wu, David M. Blei","2026","2026","Journal of Machine Learning Research","journal_article","27(7):1−68","NOT_RECORDED","https://www.jmlr.org/papers/v27/24-1057.html","REFERENCE_METADATA; NOT_WEB_RECHECKED_THIS_EXPORT","",""
"EN-007","en","skwdro: a library for Wasserstein distributionally robust machine learning","Vincent Florian, Waïss Azizian, Franck Iutzeler, Jérôme Malick","2026","2026","Journal of Machine Learning Research","journal_article","27(8):1−7","NOT_RECORDED","https://www.jmlr.org/papers/v27/24-1840.html","REFERENCE_METADATA; NOT_WEB_RECHECKED_THIS_EXPORT","",""
"EN-008","en","Guaranteed Nonconvex Low-Rank Tensor Estimation via Scaled Gradient Descent","Tong Wu","2026","2026","Journal of Machine Learning Research","journal_article","27(9):1−90","NOT_RECORDED","https://www.jmlr.org/papers/v27/25-0012.html","REFERENCE_METADATA; NOT_WEB_RECHECKED_THIS_EXPORT","",""
"EN-009","en","A Data-Augmented Contrastive Learning Approach to Nonparametric Density Estimation","Chenghao Li, Yuanyuan Lin","2026","2026","Journal of Machine Learning Research","journal_article","27(10):1−47","NOT_RECORDED","https://www.jmlr.org/papers/v27/25-0376.html","REFERENCE_METADATA; NOT_WEB_RECHECKED_THIS_EXPORT","",""
"EN-010","en","Nonlocal Techniques for the Analysis of Deep ReLU Neural Network Approximations","Cornelia Schneider, Mario Ullrich, Jan Vybíral","2026","2026","Journal of Machine Learning Research","journal_article","27(11):1−41","NOT_RECORDED","https://www.jmlr.org/papers/v27/25-0746.html","REFERENCE_METADATA; NOT_WEB_RECHECKED_THIS_EXPORT","",""
"EN-011","en","Nonlinear function-on-function regression by RKHS","Peijun Sang, Bing Li","2026","2026","Journal of Machine Learning Research","journal_article","27(12):1−54","NOT_RECORDED","https://www.jmlr.org/papers/v27/25-1017.html","REFERENCE_METADATA; NOT_WEB_RECHECKED_THIS_EXPORT","",""
"EN-012","en","Error Analysis for Deep ReLU Feedforward Density-Ratio Estimation with Bregman Divergence","Siming Zheng, Guohao Shen, Yuanyuan Lin, Jian Huang","2026","2026","Journal of Machine Learning Research","journal_article","27(15):1−60","NOT_RECORDED","https://www.jmlr.org/papers/v27/23-0425.html","REFERENCE_METADATA; NOT_WEB_RECHECKED_THIS_EXPORT","",""
"EN-013","en","Flexible Functional Treatment Effect Estimation","Jiayi Wang, Raymond K. W. Wong, Xiaoke Zhang, Kwun Chuen Gary Chan","2026","2026","Journal of Machine Learning Research","journal_article","27(16):1−48","NOT_RECORDED","https://www.jmlr.org/papers/v27/23-0944.html","REFERENCE_METADATA; NOT_WEB_RECHECKED_THIS_EXPORT","",""
"EN-014","en","Neural Network Parameter-optimization of Gaussian Pre-marginalized Directed Acyclic Graphs","Mehrzad Saremi","2026","2026","Journal of Machine Learning Research","journal_article","27(17):1−53","NOT_RECORDED","https://www.jmlr.org/papers/v27/23-1249.html","REFERENCE_METADATA; NOT_WEB_RECHECKED_THIS_EXPORT","",""
"EN-015","en","Extrapolated Markov Chain Oversampling Method for Imbalanced Text Classification","Aleksi Avela, Pauliina Ilmonen","2026","2026","Journal of Machine Learning Research","journal_article","27(18):1−28","NOT_RECORDED","https://www.jmlr.org/papers/v27/24-0428.html","REFERENCE_METADATA; NOT_WEB_RECHECKED_THIS_EXPORT","",""
"EN-016","en","An Anytime Algorithm for Good Arm Identification","Marc Jourdan, Andrée Delahaye-Duriez, Clémence Réda","2026","2026","Journal of Machine Learning Research","journal_article","27(19):1−90","NOT_RECORDED","https://www.jmlr.org/papers/v27/24-0680.html","REFERENCE_METADATA; NOT_WEB_RECHECKED_THIS_EXPORT","",""
"EN-017","en","Simulation-based Calibration of Uncertainty Intervals under Approximate Bayesian Estimation","Terrance D. Savitsky, Julie Gershunskaya","2026","2026","Journal of Machine Learning Research","journal_article","27(20):1−32","NOT_RECORDED","https://www.jmlr.org/papers/v27/24-1139.html","REFERENCE_METADATA; NOT_WEB_RECHECKED_THIS_EXPORT","",""
"EN-018","en","Learning Bayesian Network Classifiers to Minimize Class Variable Parameters","Shouta Sugahara, Koya Kato, James Cussens, Maomi Ueno","2026","2026","Journal of Machine Learning Research","journal_article","27(21):1−41","NOT_RECORDED","https://www.jmlr.org/papers/v27/24-1901.html","REFERENCE_METADATA; NOT_WEB_RECHECKED_THIS_EXPORT","",""
"EN-019","en","Nonparametric Estimation of a Factorizable Density using Diffusion Models","Hyeok Kyu Kwon, Dongha Kim, Ilsang Ohn, Minwoo Chae","2026","2026","Journal of Machine Learning Research","journal_article","27(22):1−125","NOT_RECORDED","https://www.jmlr.org/papers/v27/25-0121.html","REFERENCE_METADATA; NOT_WEB_RECHECKED_THIS_EXPORT","",""
"EN-020","en","The Distribution of Ridgeless Least Squares Interpolators","Qiyang Han, Xiaocong Xu","2026","2026","Journal of Machine Learning Research","journal_article","27(23):1−94","NOT_RECORDED","https://www.jmlr.org/papers/v27/25-0458.html","REFERENCE_METADATA; NOT_WEB_RECHECKED_THIS_EXPORT","",""
"EN-021","en","LazyDINO: Fast, Scalable, and Efficiently Amortized Bayesian Inversion via Structure-Exploiting and Surrogate-Driven Measure Transport","Lianghao Cao, Joshua Chen, Michael Brennan, Thomas O'Leary-Roseberry, Youssef Marzouk, Omar Ghattas","2026","2026","Journal of Machine Learning Research","journal_article","27(24):1−71","NOT_RECORDED","https://www.jmlr.org/papers/v27/25-0858.html","REFERENCE_METADATA; NOT_WEB_RECHECKED_THIS_EXPORT","",""
"EN-022","en","Refined Risk Bounds for Unbounded Losses via Transductive Priors","Jian Qian, Alexander Rakhlin, Nikita Zhivotovskiy","2026","2026","Journal of Machine Learning Research","journal_article","27(26):1−64","NOT_RECORDED","https://www.jmlr.org/papers/v27/25-2745.html","REFERENCE_METADATA; NOT_WEB_RECHECKED_THIS_EXPORT","",""
"EN-023","en","Communication-efficient Distributed Statistical Inference for Massive Data with Heterogeneous Auxiliary Information","Miaomiao Yu, Zhongfeng Jiang, Jiaxuan Li, Yong Zhou","2026","2026","Journal of Machine Learning Research","journal_article","27(28):1−39","NOT_RECORDED","https://www.jmlr.org/papers/v27/23-0440.html","REFERENCE_METADATA; NOT_WEB_RECHECKED_THIS_EXPORT","",""
"EN-024","en","Generative Bayesian Inference with GANs","Yuexi Wang, Veronika Rockova","2026","2026","Journal of Machine Learning Research","journal_article","27(29):1−48","NOT_RECORDED","https://www.jmlr.org/papers/v27/23-0946.html","REFERENCE_METADATA; NOT_WEB_RECHECKED_THIS_EXPORT","",""
"EN-025","en","Exploring Novel Uncertainty Quantification through Forward Intensity Function Modeling","Yudong Wang, Zhi-Sheng Ye, Cheng Yong Tang","2026","2026","Journal of Machine Learning Research","journal_article","27(30):1−63","NOT_RECORDED","https://www.jmlr.org/papers/v27/23-1465.html","REFERENCE_METADATA; NOT_WEB_RECHECKED_THIS_EXPORT","",""
"EN-026","en","Persistence Diagrams Estimation of Multivariate Piecewise Hölder-continuous Signals","Hugo Henneuse","2026","2026","Journal of Machine Learning Research","journal_article","27(31):1−55","NOT_RECORDED","https://www.jmlr.org/papers/v27/24-0456.html","REFERENCE_METADATA; NOT_WEB_RECHECKED_THIS_EXPORT","",""
"EN-027","en","Causality-Oriented Robustness: Exploiting General Noise Interventions","Xinwei Shen; Peter Bühlmann; Armeen Taeb","2026","2026-01-02","Journal of the American Statistical Association","journal_article","121(553):704-715","10.1080/01621459.2025.2544365","https://doi.org/10.1080/01621459.2025.2544365","REFERENCE_METADATA; NOT_WEB_RECHECKED_THIS_EXPORT","参考版本为仓储副本，可能与正式出版版本不同；期刊信息按书目记录列示。",""
"EN-028","en","Consistent Least Squares Estimation in Population-Size-Dependent Branching Processes","Peter Braunsteins; Sophie Hautphenne; Carmen Minuesa","2026","2026-01-02","Journal of the American Statistical Association","journal_article","121(554):1695-1707","10.1080/01621459.2025.2571247","https://doi.org/10.1080/01621459.2025.2571247","REFERENCE_METADATA; NOT_WEB_RECHECKED_THIS_EXPORT","参考版本为仓储副本，可能与正式出版版本不同；期刊信息按书目记录列示。",""
"EN-029","en","SPARCC: Semi-Parametric Robust Estimation in a Right-Censored Covariate Model","Seong-ho Lee; Brian D. Richardson; Yanyuan Ma; Karen S. Marder; Tanya P. Garcia","2026","2026-01-02","Journal of the American Statistical Association","journal_article","121(554):1435-1446","10.1080/01621459.2025.2562645","https://doi.org/10.1080/01621459.2025.2562645","REFERENCE_METADATA; NOT_WEB_RECHECKED_THIS_EXPORT","参考版本为仓储副本，可能与正式出版版本不同；期刊信息按书目记录列示。",""
"EN-030","en","When Does Bottom-Up Beat Top-Down in Hierarchical Community Detection?","Maximilien Dreveton; Daichi Kuroda; Matthias Grossglauser; Patrick Thiran","2026","2026-01-02","Journal of the American Statistical Association","journal_article","121(554):1284-1295","10.1080/01621459.2025.2569711","https://doi.org/10.1080/01621459.2025.2569711","REFERENCE_METADATA; NOT_WEB_RECHECKED_THIS_EXPORT","参考版本为仓储副本，可能与正式出版版本不同；期刊信息按书目记录列示。",""
"EN-031","en","Bayesian Image Analysis in Fourier Space","John Kornak; Karl Young; Eric Friedman; Konstantinos Bakas","2026","2026-01-05","Journal of the American Statistical Association","journal_article","121(554):1574-1587","10.1080/01621459.2025.2573523","https://doi.org/10.1080/01621459.2025.2573523","REFERENCE_METADATA; NOT_WEB_RECHECKED_THIS_EXPORT","参考版本为仓储副本，可能与正式出版版本不同；期刊信息按书目记录列示。",""
"EN-032","en","Identification and Multiply Robust Estimation of Causal Effects via Instrumental Variables from An Auxiliary Population","Wei Li; Jiapeng Liu; Peng Ding; Zhi Geng","2026","2026-01-05","Journal of the American Statistical Association","journal_article","121(554):1372-1383","10.1080/01621459.2025.2576797","https://doi.org/10.1080/01621459.2025.2576797","REFERENCE_METADATA; NOT_WEB_RECHECKED_THIS_EXPORT","参考版本为仓储副本，可能与正式出版版本不同；期刊信息按书目记录列示。",""
"EN-033","en","Localizing Strictly Proper Scoring Rules","Ramon F. A. de Punder; Cees G. H. Diks; Roger J. A. Laeven; Dick J. C. van Dijk","2026","2026-01-05","Journal of the American Statistical Association","journal_article","121(554):1447-1459","10.1080/01621459.2025.2576189","https://doi.org/10.1080/01621459.2025.2576189","REFERENCE_METADATA; NOT_WEB_RECHECKED_THIS_EXPORT","参考版本为仓储副本，可能与正式出版版本不同；期刊信息按书目记录列示。",""
"EN-034","en","Online Auction Design Using Distribution-Free Uncertainty Quantification with Applications to E-Commerce","Jiale Han; Xiaowu Dai","2026","2026-01-05","Journal of the American Statistical Association","journal_article","121(553):137-148","10.1080/01621459.2025.2576180","https://doi.org/10.1080/01621459.2025.2576180","REFERENCE_METADATA; NOT_WEB_RECHECKED_THIS_EXPORT","参考版本为仓储副本，可能与正式出版版本不同；期刊信息按书目记录列示。",""
"EN-035","en","Random Pairing MLE for Estimation of Item Parameters in Rasch Model","Yuepeng Yang; Cong Ma","2026","2026-01-12","Journal of the American Statistical Association","journal_article","121(554):1683-1694","10.1080/01621459.2025.2582873","https://doi.org/10.1080/01621459.2025.2582873","REFERENCE_METADATA; NOT_WEB_RECHECKED_THIS_EXPORT","参考版本为仓储副本，可能与正式出版版本不同；期刊信息按书目记录列示。",""
"EN-036","en","Reconstruct Ising Model With Global Optimality via SLIDE","Xuanyu Chen; Jin Zhu; Junxian Zhu; Xueqin Wang; Heping Zhang","2026","2026-01-12","Journal of the American Statistical Association","journal_article","121(554):1141-1153","10.1080/01621459.2025.2571245","https://doi.org/10.1080/01621459.2025.2571245","REFERENCE_METADATA; NOT_WEB_RECHECKED_THIS_EXPORT","参考版本为仓储副本，可能与正式出版版本不同；期刊信息按书目记录列示。",""
"EN-037","en","A Factor-Copula Latent-Vine Time Series Model for Extreme Flood Insurance Losses","Xiaoting Li; Harry Joe; Christian Genest","2026","2026-01-12","Journal of the American Statistical Association","journal_article","121(553):149-162","10.1080/01621459.2025.2579953","https://doi.org/10.1080/01621459.2025.2579953","REFERENCE_METADATA; NOT_WEB_RECHECKED_THIS_EXPORT","",""
"EN-038","en","Efficient Optimization of Plasma Radiation Detector Configurations using Imperfect Inference Models","Difan Song; William E. Lewis; Patrick F. Knapp; C. F. Jeff Wu; V. Roshan Joseph","2026","2026-01-12","Journal of the American Statistical Association","journal_article","121(553):163-171","10.1080/01621459.2025.2582601","https://doi.org/10.1080/01621459.2025.2582601","REFERENCE_METADATA; NOT_WEB_RECHECKED_THIS_EXPORT","",""
"EN-039","en","Frequency-Band Estimation of the Number of Factors","Marco Avarucci; Maddalena Cavicchioli; Mario Forni; Paolo Zaffaroni","2026","2026-01-12","Journal of the American Statistical Association","journal_article","121(554):1219-1231","10.1080/01621459.2025.2571246","https://doi.org/10.1080/01621459.2025.2571246","REFERENCE_METADATA; NOT_WEB_RECHECKED_THIS_EXPORT","",""
"EN-040","en","Functional Partial Least-Squares: Adaptive Estimation and Inference","Andrii Babii; Marine Carrasco; Idriss Tsafack","2026","2026-01-12","Journal of the American Statistical Association","journal_article","121(554):1424-1434","10.1080/01621459.2025.2582874","https://doi.org/10.1080/01621459.2025.2582874","REFERENCE_METADATA; NOT_WEB_RECHECKED_THIS_EXPORT","参考版本为仓储副本，可能与正式出版版本不同；期刊信息按书目记录列示。",""
"EN-041","en","Impact of Existence and Nonexistence of Pivot on the Coverage of Empirical Best Linear Prediction Intervals for Small Areas","Yuting Chen; Masayo Y. Hirose; Partha Lahiri","2026","2026-01-12","Journal of the American Statistical Association","journal_article","121(554):1661-1670","10.1080/01621459.2025.2583503","https://doi.org/10.1080/01621459.2025.2583503","REFERENCE_METADATA; NOT_WEB_RECHECKED_THIS_EXPORT","参考版本为仓储副本，可能与正式出版版本不同；期刊信息按书目记录列示。",""
"EN-042","en","Posterior Risk of Modular and Semi-Modular Bayesian Inference","David T. Frazier; David J. Nott","2026","2026-01-12","Journal of the American Statistical Association","journal_article","121(554):1588-1600","10.1080/01621459.2025.2580690","https://doi.org/10.1080/01621459.2025.2580690","REFERENCE_METADATA; NOT_WEB_RECHECKED_THIS_EXPORT","参考版本为仓储副本，可能与正式出版版本不同；期刊信息按书目记录列示。",""
"EN-043","en","A jackknife bias correction for nonlinear network data models with fixed effects","David W. Hughes","2026","2026-01","Journal of Econometrics","journal_article","253:106130","10.1016/j.jeconom.2025.106130","https://doi.org/10.1016/j.jeconom.2025.106130","REFERENCE_METADATA; NOT_WEB_RECHECKED_THIS_EXPORT","参考版本为仓储副本，可能与正式出版版本不同；期刊信息按书目记录列示。",""
"EN-044","en","Bootstraps for dynamic panel threshold models","Woosik Gong; Myung Hwan Seo","2026","2026-01","Journal of Econometrics","journal_article","253:106153","10.1016/j.jeconom.2025.106153","https://doi.org/10.1016/j.jeconom.2025.106153","REFERENCE_METADATA; NOT_WEB_RECHECKED_THIS_EXPORT","参考版本为仓储副本，可能与正式出版版本不同；期刊信息按书目记录列示。",""
"EN-045","en","Data-driven policy learning for continuous treatments","Chunrong Ai; Yue Fang; Haitian Xie","2026","2026-01","Journal of Econometrics","journal_article","253:106170","10.1016/j.jeconom.2025.106170","https://doi.org/10.1016/j.jeconom.2025.106170","REFERENCE_METADATA; NOT_WEB_RECHECKED_THIS_EXPORT","参考版本为仓储副本，可能与正式出版版本不同；期刊信息按书目记录列示。",""
"EN-046","en","Decomposition and interpretation of treatment effects in settings with delayed outcomes","Federico A. Bugni; Ivan A. Canay; Steve McBride","2026","2026-01","Journal of Econometrics","journal_article","253:106160","10.1016/j.jeconom.2025.106160","https://doi.org/10.1016/j.jeconom.2025.106160","REFERENCE_METADATA; NOT_WEB_RECHECKED_THIS_EXPORT","参考版本为仓储副本，可能与正式出版版本不同；期刊信息按书目记录列示。",""
"EN-047","en","Difference-in-Differences with compositional changes","Pedro H.C. Sant’Anna; Qi Xu","2026","2026-01","Journal of Econometrics","journal_article","253:106147","10.1016/j.jeconom.2025.106147","https://doi.org/10.1016/j.jeconom.2025.106147","REFERENCE_METADATA; NOT_WEB_RECHECKED_THIS_EXPORT","参考版本为仓储副本，可能与正式出版版本不同；期刊信息按书目记录列示。",""
"EN-048","en","Doubly-robust inference for conditional average treatment effects with high-dimensional controls","Adam Baybutt; Manu Navjeevan","2026","2026-01","Journal of Econometrics","journal_article","253:106180","10.1016/j.jeconom.2026.106180","https://doi.org/10.1016/j.jeconom.2026.106180","REFERENCE_METADATA; NOT_WEB_RECHECKED_THIS_EXPORT","参考版本为仓储副本，可能与正式出版版本不同；期刊信息按书目记录列示。",""
"EN-049","en","Dynamic panel data quantile regression with network-linked fixed effects","Shiwei Huang; Yu Chen; Jie Hu; Weiping Zhang","2026","2026-01","Journal of Econometrics","journal_article","253:106188","10.1016/j.jeconom.2026.106188","https://doi.org/10.1016/j.jeconom.2026.106188","REFERENCE_METADATA; NOT_WEB_RECHECKED_THIS_EXPORT","",""
"EN-050","en","Efficient estimation of structural models via sieves","Yao Luo; Peijun Sang","2026","2026-01","Journal of Econometrics","journal_article","253:106184","10.1016/j.jeconom.2026.106184","https://doi.org/10.1016/j.jeconom.2026.106184","REFERENCE_METADATA; NOT_WEB_RECHECKED_THIS_EXPORT","参考版本为仓储副本，可能与正式出版版本不同；期刊信息按书目记录列示。",""
"EN-051","en","Empirical welfare maximization with constraints","Liyang Sun","2026","2026-01","Journal of Econometrics","journal_article","253:106169","10.1016/j.jeconom.2025.106169","https://doi.org/10.1016/j.jeconom.2025.106169","REFERENCE_METADATA; NOT_WEB_RECHECKED_THIS_EXPORT","参考版本为仓储副本，可能与正式出版版本不同；期刊信息按书目记录列示。",""
"EN-052","en","Enhancements of communication-efficient distributed statistical inference and its privacy preservation","Miaomiao Yu; Jiaxuan Li; Yong Zhou","2026","2026-01","Journal of Econometrics","journal_article","253:106125","10.1016/j.jeconom.2025.106125","https://doi.org/10.1016/j.jeconom.2025.106125","REFERENCE_METADATA; NOT_WEB_RECHECKED_THIS_EXPORT","",""
"EN-053","en","Estimation and inference for causal functions with multi-way clustered data","Nan Liu; Yanbo Liu; Yuya Sasaki","2026","2026-01","Journal of Econometrics","journal_article","253:106178","10.1016/j.jeconom.2025.106178","https://doi.org/10.1016/j.jeconom.2025.106178","REFERENCE_METADATA; NOT_WEB_RECHECKED_THIS_EXPORT","参考版本为仓储副本，可能与正式出版版本不同；期刊信息按书目记录列示。",""
"EN-054","en","Estimation and inference for CP tensor factor models","Bin Chen; Yuefeng Han; Qiyang Yu","2026","2026-01","Journal of Econometrics","journal_article","253:106167","10.1016/j.jeconom.2025.106167","https://doi.org/10.1016/j.jeconom.2025.106167","REFERENCE_METADATA; NOT_WEB_RECHECKED_THIS_EXPORT","参考版本为仓储副本，可能与正式出版版本不同；期刊信息按书目记录列示。",""
"EN-055","en","Estimation and inference for large-dimensional generalized matrix factor models","Xinbing Kong; Tong Zhang","2026","2026-01","Journal of Econometrics","journal_article","253:106179","10.1016/j.jeconom.2025.106179","https://doi.org/10.1016/j.jeconom.2025.106179","REFERENCE_METADATA; NOT_WEB_RECHECKED_THIS_EXPORT","",""
"EN-056","en","Five lessons for applied researchers from twenty years of common correlated effects estimation","Artūras Juodis; Simon Reese","2026","2026-01","Journal of Econometrics","journal_article","253:106120","10.1016/j.jeconom.2025.106120","https://doi.org/10.1016/j.jeconom.2025.106120","REFERENCE_METADATA; NOT_WEB_RECHECKED_THIS_EXPORT","",""
"EN-057","en","Functional semiparametric modeling for nonstationary and periodic time series data","Shouxia Wang; Hua Liu; Jinhong You; Tao Huang","2026","2026-01","Journal of Econometrics","journal_article","253:106149","10.1016/j.jeconom.2025.106149","https://doi.org/10.1016/j.jeconom.2025.106149","REFERENCE_METADATA; NOT_WEB_RECHECKED_THIS_EXPORT","",""
"EN-058","en","Identification in nonlinear dynamic panel models under partial stationarity","Wayne Yuan Gao; Rui Wang","2026","2026-01","Journal of Econometrics","journal_article","253:106185","10.1016/j.jeconom.2026.106185","https://doi.org/10.1016/j.jeconom.2026.106185","REFERENCE_METADATA; NOT_WEB_RECHECKED_THIS_EXPORT","参考版本为仓储副本，可能与正式出版版本不同；期刊信息按书目记录列示。",""
"EN-059","en","Inference for time-varying factor models under local stationarity","Weichi Wu; Zhou Zhou; Yongmiao Hong","2026","2026-01","Journal of Econometrics","journal_article","253:106154","10.1016/j.jeconom.2025.106154","https://doi.org/10.1016/j.jeconom.2025.106154","REFERENCE_METADATA; NOT_WEB_RECHECKED_THIS_EXPORT","",""
"EN-060","en","Inference for two-stage experiments under covariate-adaptive randomization","Jizhou Liu","2026","2026-01","Journal of Econometrics","journal_article","253:106189","10.1016/j.jeconom.2026.106189","https://doi.org/10.1016/j.jeconom.2026.106189","REFERENCE_METADATA; NOT_WEB_RECHECKED_THIS_EXPORT","参考版本为仓储副本，可能与正式出版版本不同；期刊信息按书目记录列示。",""
"EN-061","en","A simple, robust identification approach for first-price auctions","Serafin Grundl; Yu Zhu","2026","2026-01","Journal of Econometrics","journal_article","253:106173","10.1016/j.jeconom.2025.106173","https://doi.org/10.1016/j.jeconom.2025.106173","REFERENCE_METADATA; NOT_WEB_RECHECKED_THIS_EXPORT","",""
"EN-062","en","Decomposing informed trading in equity options","Felipe Asencio; Alejandro Bernales; Daniel González; Richard Holowczak; Thanos Verousis","2026","2026-01","Journal of Econometrics","journal_article","253:106131","10.1016/j.jeconom.2025.106131","https://doi.org/10.1016/j.jeconom.2025.106131","REFERENCE_METADATA; NOT_WEB_RECHECKED_THIS_EXPORT","",""
"EN-063","en","GLS estimation of local projections: Trading robustness for efficiency","Ignace De Vos; Gerdie Everaert","2026","2026-01","Journal of Econometrics","journal_article","253:106182","10.1016/j.jeconom.2026.106182","https://doi.org/10.1016/j.jeconom.2026.106182","REFERENCE_METADATA; NOT_WEB_RECHECKED_THIS_EXPORT","参考版本为仓储副本，可能与正式出版版本不同；期刊信息按书目记录列示。",""
"EN-064","en","Jump detection in high-frequency order prices","Markus Bibinger; Nikolaus Hautsch; Alexander Ristig","2026","2026-01","Journal of Econometrics","journal_article","253:106133","10.1016/j.jeconom.2025.106133","https://doi.org/10.1016/j.jeconom.2025.106133","REFERENCE_METADATA; NOT_WEB_RECHECKED_THIS_EXPORT","参考版本为仓储副本，可能与正式出版版本不同；期刊信息按书目记录列示。",""
"EN-065","en","Default Risk and the Pricing of U.S. Sovereign Bonds","ROBERT F. DITTMAR; ALEX HSU; GUILLAUME ROUSSELLET; PETER SIMASEK","2026","2026-01-06","The Journal of Finance","journal_article","81(2):829-869","10.1111/jofi.70014","https://doi.org/10.1111/jofi.70014","REFERENCE_METADATA; NOT_WEB_RECHECKED_THIS_EXPORT","参考版本为仓储副本，可能与正式出版版本不同；期刊信息按书目记录列示。",""
"EN-066","en","Institutional Investor Attention","ALAN KWAN; YUKUN LIU; BEN MATTHIES","2026","2026-01-16","The Journal of Finance","journal_article","81(2):791-827","10.1111/jofi.70009","https://doi.org/10.1111/jofi.70009","REFERENCE_METADATA; NOT_WEB_RECHECKED_THIS_EXPORT","",""
"EN-067","en","Investor Composition and the Liquidity Component in the U.S. Corporate Bond Market","JIAN LI; HAIYUE YU","2026","2026-01-21","The Journal of Finance","journal_article","81(2):871-922","10.1111/jofi.70024","https://doi.org/10.1111/jofi.70024","REFERENCE_METADATA; NOT_WEB_RECHECKED_THIS_EXPORT","",""
"EN-068","en","Model Ambiguity versus Model Misspecification in Dynamic Portfolio Choice","PASCAL J. MAENHOUT; HAO XING; ANNE G. BALTER","2026","2026-01-21","The Journal of Finance","journal_article","81(3):1741-1795","10.1111/jofi.70027","https://doi.org/10.1111/jofi.70027","REFERENCE_METADATA; NOT_WEB_RECHECKED_THIS_EXPORT","参考版本为仓储副本，可能与正式出版版本不同；期刊信息按书目记录列示。",""
"EN-069","en","Monetary Policy and Wealth Effects: The Role of Risk and Heterogeneity","NICOLAS CARAMP; DEJANIR H. SILVA","2026","2026-01-27","The Journal of Finance","journal_article","81(2):1011-1052","10.1111/jofi.70021","https://doi.org/10.1111/jofi.70021","REFERENCE_METADATA; NOT_WEB_RECHECKED_THIS_EXPORT","参考版本为仓储副本，可能与正式出版版本不同；期刊信息按书目记录列示。",""
"EN-070","en","Demand disagreement","Christian Heyerdahl-Larsen; Philipp Illeditsch","2026","2026-01","Journal of Financial Economics","journal_article","175:104191","10.1016/j.jfineco.2025.104191","https://doi.org/10.1016/j.jfineco.2025.104191","REFERENCE_METADATA; NOT_WEB_RECHECKED_THIS_EXPORT","参考版本为仓储副本，可能与正式出版版本不同；期刊信息按书目记录列示。",""
"EN-071","en","Discount factors and monetary policy: Evidence from dual-listed stocks","Quentin Vandeweyer; Minghao Yang; Constantine Yannelis","2026","2026-01","Journal of Financial Economics","journal_article","175:104190","10.1016/j.jfineco.2025.104190","https://doi.org/10.1016/j.jfineco.2025.104190","REFERENCE_METADATA; NOT_WEB_RECHECKED_THIS_EXPORT","参考版本为仓储副本，可能与正式出版版本不同；期刊信息按书目记录列示。",""
"EN-072","en","Institutions’ return expectations across assets and time","Magnus Dahlquist; Markus Ibert","2026","2026-01","Journal of Financial Economics","journal_article","175:104188","10.1016/j.jfineco.2025.104188","https://doi.org/10.1016/j.jfineco.2025.104188","REFERENCE_METADATA; NOT_WEB_RECHECKED_THIS_EXPORT","",""
"EN-073","en","Policy news and stock market volatility","Scott R. Baker; Nicholas Bloom; Steven J. Davis; Kyle Kost","2026","2026-01","Journal of Financial Economics","journal_article","175:104187","10.1016/j.jfineco.2025.104187","https://doi.org/10.1016/j.jfineco.2025.104187","REFERENCE_METADATA; NOT_WEB_RECHECKED_THIS_EXPORT","参考版本为仓储副本，可能与正式出版版本不同；期刊信息按书目记录列示。",""
"EN-074","en","Dividend Momentum and Stock Return Predictability: A Bayesian Approach","Juan Antolín-Díaz; Ivan Petrella; Juan Rubio-Ramírez","2026","2026-01-19","The Review of Financial Studies","journal_article","39(5):1506-1554","10.1093/rfs/hhaf110","https://doi.org/10.1093/rfs/hhaf110","REFERENCE_METADATA; NOT_WEB_RECHECKED_THIS_EXPORT","参考版本为仓储副本，可能与正式出版版本不同；期刊信息按书目记录列示。",""
"EN-075","en","Investor-Driven Corporate Finance: Evidence from Insurance Markets","Christian Kubitza","2026","2026-01-19","The Review of Financial Studies","journal_article","hhag003","10.1093/rfs/hhag003","https://doi.org/10.1093/rfs/hhag003","REFERENCE_METADATA; NOT_WEB_RECHECKED_THIS_EXPORT","参考版本为仓储副本，可能与正式出版版本不同；期刊信息按书目记录列示。",""
"EN-076","en","Price Discovery on Decentralized Exchanges","Agostino Capponi; Ruizhe Jia; Shihao Yu","2026","2026-01-19","The Review of Financial Studies","journal_article","hhag002","10.1093/rfs/hhag002","https://doi.org/10.1093/rfs/hhag002","REFERENCE_METADATA; NOT_WEB_RECHECKED_THIS_EXPORT","参考版本为仓储副本，可能与正式出版版本不同；期刊信息按书目记录列示。",""
"EN-077","en","The Role of Contextual Information in Best Arm Identification","Masahiro Kato, Kaito Ariu","2026","2026","Journal of Machine Learning Research","journal_article","27(51):1−61","NOT_RECORDED","https://www.jmlr.org/papers/v27/22-0358.html","REFERENCE_METADATA; NOT_WEB_RECHECKED_THIS_EXPORT","",""
"EN-078","en","A Functional-Space Mean-Field Theory of Partially-Trained Three-Layer Neural Networks","Zhengdao Chen, Eric Vanden-Eijnden, Joan Bruna","2026","2026","Journal of Machine Learning Research","journal_article","27(52):1−67","NOT_RECORDED","https://www.jmlr.org/papers/v27/22-1232.html","REFERENCE_METADATA; NOT_WEB_RECHECKED_THIS_EXPORT","",""
"EN-079","en","Almost Sure Convergence of Dropout Algorithms for Neural Networks","Albert Senen–Cerda, Jaron Sanders","2025","2025","Journal of Machine Learning Research","journal_article","26(283):1−53","NOT_RECORDED","https://www.jmlr.org/papers/v26/20-1396.html","REFERENCE_METADATA; NOT_WEB_RECHECKED_THIS_EXPORT","",""
"EN-080","en","Dimensionality reduction techniques to support insider trading detection","Adele Ravagnani; Fabrizio Lillo; Paola Deriu; Piero Mazzarisi; Francesca Medda; Antonio Russo","2026","2026-03-24","Quantitative Finance","journal_article","26(4):563-591","10.1080/14697688.2026.2636556","https://doi.org/10.1080/14697688.2026.2636556","REFERENCE_METADATA; NOT_WEB_RECHECKED_THIS_EXPORT","参考版本为仓储副本，可能与正式出版版本不同；期刊信息按书目记录列示。",""
"EN-081","en","Towards Optimal Branching of Linear and Semidefinite Relaxations for Neural Network Robustness Certification","Brendon G. Anderson, Ziye Ma, Jingqi Li, Somayeh Sojoudi","2025","2025","Journal of Machine Learning Research","journal_article","26(81):1−59","NOT_RECORDED","https://www.jmlr.org/papers/v26/21-0068.html","REFERENCE_METADATA; NOT_WEB_RECHECKED_THIS_EXPORT","",""
"EN-082","en","Implicit vs Unfolded Graph Neural Networks","Yongyi Yang, Tang Liu, Yangkun Wang, Zengfeng Huang, David Wipf","2025","2025","Journal of Machine Learning Research","journal_article","26(82):1−46","NOT_RECORDED","https://www.jmlr.org/papers/v26/22-0459.html","REFERENCE_METADATA; NOT_WEB_RECHECKED_THIS_EXPORT","",""
"EN-083","en","Adjusted Expected Improvement for Cumulative Regret Minimization in Noisy Bayesian Optimization","Shouri Hu, Haowei Wang, Zhongxiang Dai, Bryan Kian Hsiang Low, Szu Hui Ng","2025","2025","Journal of Machine Learning Research","journal_article","26(46):1−33","NOT_RECORDED","https://www.jmlr.org/papers/v26/22-0523.html","REFERENCE_METADATA; NOT_WEB_RECHECKED_THIS_EXPORT","",""
"EN-084","en","Pairs trading with stock borrowing fee","Ziyi Chen; Jia-Wen Gu; Harry Zheng","2026","2026-01-06","Quantitative Finance","journal_article","26(2):255-271","10.1080/14697688.2025.2596920","https://doi.org/10.1080/14697688.2025.2596920","REFERENCE_METADATA; NOT_WEB_RECHECKED_THIS_EXPORT","参考版本为仓储副本，可能与正式出版版本不同；期刊信息按书目记录列示。",""
"EN-085","en","Pricing American Parisian options under general time-inhomogeneous Markov models","Yuhao Liu; Nian Yang; Gongqiu Zhang","2026","2026-01-06","Quantitative Finance","journal_article","26(3):393-418","10.1080/14697688.2025.2596132","https://doi.org/10.1080/14697688.2025.2596132","REFERENCE_METADATA; NOT_WEB_RECHECKED_THIS_EXPORT","参考版本为仓储副本，可能与正式出版版本不同；期刊信息按书目记录列示。",""
"EN-086","en","Convergence and Sample Complexity of Natural Policy Gradient Primal-Dual Methods for Constrained MDPs","Dongsheng Ding, Kaiqing Zhang, Jiali Duan, Tamer Başar, Mihailo R. Jovanović","2025","2025","Journal of Machine Learning Research","journal_article","26(256):1−76","NOT_RECORDED","https://www.jmlr.org/papers/v26/22-0622.html","REFERENCE_METADATA; NOT_WEB_RECHECKED_THIS_EXPORT","",""
"EN-087","en","Addressing estimation errors on expected asset returns through robust portfolio optimization","Gérard Cornuéjols; Özgün Elçİ; Vrishabh Patil","2026","2026-01-08","Quantitative Finance","journal_article","26(1):85-98","10.1080/14697688.2025.2606114","https://doi.org/10.1080/14697688.2025.2606114","REFERENCE_METADATA; NOT_WEB_RECHECKED_THIS_EXPORT","参考版本为仓储副本，可能与正式出版版本不同；期刊信息按书目记录列示。",""
"EN-088","en","Broadcasted nonparametric tensor regression","Ya Zhou; Raymond K. W. Wong; Kejun He","2024","2024","Journal of the Royal Statistical Society Series B","journal_article","86(5):1197–1220","10.1093/jrsssb/qkae027","https://doi.org/10.1093/jrsssb/qkae027","DOI_RESOLVER_FROM_RECORDED_DOI; NOT_WEB_RECHECKED_THIS_EXPORT","",""
"EN-089","en","Detecting structural heart disease from electrocardiograms using AI","Timothy J. Poterucha; Linyuan Jing; Ramon Pimentel Ricart; Michael Adjei-Mosi; Joshua Finer; Dustin Hartzel; Christopher Kelsey; Aaron Long; Daniel Rocha; Jeffrey A. Ruhl; David vanMaanen; Marc A. Probst; Brock Daniels; Shalmali D. Joshi; Olivier Tastet; Denis Corbin; Robert Avram; Joshua P. Barrios; Geoffrey H. Tison; I-Min Chiu; David Ouyang; Alexander Volodarskiy; Michelle Castillo; Francisco A. Roedan Oliver; Paloma P. Malta; Siqin Ye; Gregg F. Rosner; Jose M. Dizon; Shah R. Ali; Qi Liu; Corey K. Bradley; Prashant Vaishnava; Carol A. Waksmonski; Ersilia M. DeFilippis; Vratika Agarwal; Mark Lebehn; Polydoros N. Kampaktsis; Sofia Shames; Ashley N. Beecy; Deepa Kumaraiah; Shunichi Homma; Allan Schwartz; Rebecca T. Hahn; Martin Leon; Andrew J. Einstein; Mathew S. Maurer; Heidi S. Hartman; John Weston Hughes; Christopher M. Haggerty; Pierre Elias","2025","2025-08-07","Nature","journal_article","2025, 644(8075): 221-230","10.1038/s41586-025-09227-0","https://doi.org/10.1038/s41586-025-09227-0","DOI_RESOLVER_FROM_RECORDED_DOI; NOT_WEB_RECHECKED_THIS_EXPORT","",""
"EN-090","en","Mean Flows for One-step Generative Modeling","Zhengyang Geng; Mingyang Deng; Xingjian Bai; J. Zico Kolter; Kaiming He","2025","2025-05-19","arXiv preprint","preprint","arXiv:2505.13447v1","10.48550/arXiv.2505.13447","https://arxiv.org/abs/2505.13447v1","LINK_FROM_RECORDED_IDENTIFIER; NOT_WEB_RECHECKED_THIS_EXPORT","参考版本：arXiv v1，2025-05-19。","https://arxiv.org/abs/2505.13447v1 | https://api.datacite.org/dois/10.48550/arXiv.2505.13447 | https://info.arxiv.org/help/doi.html"
"EN-091","en","A Highly Efficient Semismooth Newton Augmented Lagrangian Method for Solving Lasso Problems","Xudong Li; Defeng Sun; Kim-Chuan Toh","2018","2018","SIAM Journal on Optimization","journal_article","28(1):433–458","10.1137/16M1097572","https://doi.org/10.1137/16M1097572","DOI_RESOLVER_FROM_RECORDED_DOI; NOT_WEB_RECHECKED_THIS_EXPORT","",""
"EN-092","en","Beyond ATE: Multi-Criteria Design for A/B Testing","Jiachun Li; Kaining Shi; David Simchi-Levi","2026","2026-02-12","arXiv preprint","preprint","arXiv:2509.05864v2","10.48550/arXiv.2509.05864","https://arxiv.org/abs/2509.05864v2","LINK_FROM_RECORDED_IDENTIFIER; NOT_WEB_RECHECKED_THIS_EXPORT","参考版本：arXiv v2，2026-02-12。","https://arxiv.org/abs/2509.05864v2 | https://api.datacite.org/dois/10.48550/arXiv.2509.05864 | https://info.arxiv.org/help/doi.html"
"EN-093","en","Breaking the Echo Chamber: A Dynamic Ensemble Pruning Perspective on MoE","Xinlai Kang; Dunyao Xue; Zhengbo Wang; Chengshuo Du; Xinghao Chen; Hang Zhou; Hanting Chen; Cheng Meng","2026","2026","International Conference on Machine Learning","conference_paper","PMLR 306（卷册页码尚未独立核实）","NOT_RECORDED","https://openreview.net/pdf?id=7FsbfQgti4","AUTHOR_LINKED_OFFICIAL_RECORD; PAGE_NOT_REVERIFIED","作者发表目录列为 ICML 2026，并提供所列 OpenReview 链接；官方条目页面未能重新核实，DOI 未记录。","https://sapphirexdy.github.io/"
"EN-094","en","Can We Trust the Bootstrap in High-dimensions? The Case of Linear Models","Noureddine El Karoui; Elizabeth Purdom","2018","2018","Journal of Machine Learning Research","journal_article","19:1–66; article route v19/17-006","NOT_RECORDED","https://www.jmlr.org/papers/v19/17-006.html","LINK_FROM_RECORDED_IDENTIFIER; NOT_WEB_RECHECKED_THIS_EXPORT","",""
"EN-095","en","Membership Inference Attacks From First Principles","Nicholas Carlini; Steve Chien; Milad Nasr; Shuang Song; Andreas Terzis; Florian Tramèr","2022","2022","IEEE Symposium on Security and Privacy","conference_paper","2022: 1897-1914","10.1109/SP46214.2022.9833649","https://ieeexplore.ieee.org/document/9833649/","OFFICIAL_METADATA_WEB_CHECKED_2026-09-09","DOI 与会议身份已于 2026-09-09 根据 IEEE Xplore 官方元数据补核。","https://ieeexplore.ieee.org/document/9833649/"
"EN-096","en","On semiparametric estimation of a path-specific effect in the presence of mediator-outcome confounding","C. H. Miles; I. Shpitser; P. Kanki; S. Meloni; E. J. Tchetgen Tchetgen","2020","2020","Biometrika","journal_article","107(1):159–172","10.1093/biomet/asz063","https://doi.org/10.1093/biomet/asz063","DOI_RESOLVER_FROM_RECORDED_DOI; NOT_WEB_RECHECKED_THIS_EXPORT","期刊卷期年份为 2020；元数据另记在线提前发表于 2019-11-23。",""
"EN-097","en","Nonparametric regression using deep neural networks with ReLU activation function","Johannes Schmidt-Hieber","2020","2020","The Annals of Statistics","journal_article","48(4):1875–1897","10.1214/19-AOS1875","https://doi.org/10.1214/19-AOS1875","DOI_RESOLVER_FROM_RECORDED_DOI; NOT_WEB_RECHECKED_THIS_EXPORT","",""
"EN-098","en","Transfer learning for piecewise-constant mean estimation: optimality, ℓ1 and ℓ0 penalization","F. Wang; Y. Yu","2025","2025","Biometrika","journal_article","112(3):asaf018","10.1093/biomet/asaf018","https://doi.org/10.1093/biomet/asaf018","DOI_RESOLVER_FROM_RECORDED_DOI; NOT_WEB_RECHECKED_THIS_EXPORT","",""
"EN-099","en","Online Learning and Decision Making Under Generalized Linear Model with High-Dimensional Data","Xue Wang; Mike Mingcheng Wei; Tao Yao","2024","2024-11-13","Management Science","journal_article_advance","Articles in Advance:1–19","10.1287/mnsc.2022.01557","https://doi.org/10.1287/mnsc.2022.01557","DOI_RESOLVER_FROM_RECORDED_DOI; NOT_WEB_RECHECKED_THIS_EXPORT","参考版本：2024-11-13 Articles in Advance；最终卷期未记录。",""
"EN-100","en","Posterior contraction in sparse generalized linear models","Seonghyun Jeong; Subhashis Ghosal","2021","2021","Biometrika","journal_article","108(2):367–379","10.1093/biomet/asaa074","https://doi.org/10.1093/biomet/asaa074","DOI_RESOLVER_FROM_RECORDED_DOI; NOT_WEB_RECHECKED_THIS_EXPORT","期刊卷期年份为 2021；元数据另记在线提前发表于 2020-12-16。",""
